insert into BC values('100','文学');
insert into BC values('200','科技');
insert into BC values('300','哲学');
insert into BIB values('7040195836','数据库系统概论','王珊','高等教育出版社',39.00,'200');
insert into BIB values('9787508040110','红楼梦','曹雪芹','人民出版社',20.00,'100');
insert into BIB values('9787506336239','红楼梦','曹雪芹','作家出版社',34.30,'100');
insert into BIB values('9787010073750','心学之路','张立文','人民出版社',33.80,'300');
insert into BOOK values('2001231','7040195836','否','');
insert into BOOK values('2001232','7040195836','是','');
insert into BOOK values('1005050','9787506336239','否','');
insert into BOOK values('1005063','9787508040110','是','');
insert into BOOK values('3007071','9787010073750','是','');
insert into READER values('20051001','王菲','四川绵阳西科大计算机学院','女','','','');
insert into READER values('20062001','张江','四川绵阳中心医院','男','','','');
insert into READER values('20061234','郭敬明','四川江油305','男','','','');
insert into READER values('20071235','李晓明','四川成都工商银行','男','','','');
insert into READER values('20081237','赵鑫','四川广元广元中学','女','','','');
insert into FC values('1','延期',10);
insert into FC values('2','损坏',20);
insert into FC values('3','丢失',50);
insert into BORROW values('1','20081237','3007071',to_date('2010-09-19','yyyy/mm/dd'),to_date('2010-09-20','yyyy/mm/dd'),'','');
insert into BORROW values('2','20071235','1005063',to_date('2010-10-20','yyyy/mm/dd'),to_date('2011-02-20','yyyy/mm/dd'),'1','');
insert into BORROW values('3','20071235','2001232',to_date('2011-09-01','yyyy/mm/dd'),'','','');
insert into BORROW values('4','20061234','1005063',to_date('2011-09-20','yyyy/mm/dd'),'','','');
insert into BORROW values('5','20051001','3007071',to_date('2011-09-10','yyyy/mm/dd'),'','','');
insert into BORROW values('6','20071235','1005050',to_date('2011-10-20','yyyy/mm/dd'),to_date('2012-02-20','yyyy/mm/dd'),'1','');
insert into ATMENT values('1','20081237','9787508040110',to_date('2011-09-11','yyyy/mm/dd'));
commit;
